{
  "m_brightThreshold": 0.949999988079071,
  "m_dirLightHeight": 30.0,
  "m_directionalLightColor": {
    "x": 1.0,
    "y": 1.0,
    "z": 1.0
  },
  "m_directionalLightDir": {
    "x": 0.3499999940395355,
    "y": -0.3499999940395355,
    "z": 0.8700000047683716
  },
  "m_fogColor": {
    "x": 0.5,
    "y": 0.5,
    "z": 0.5
  },
  "m_fogDensity": 0.003000000026077032,
  "m_fogEnable": false,
  "m_fogUseRange": true,
  "m_highFogColor": {
    "x": 0.699999988079071,
    "y": 0.699999988079071,
    "z": 0.699999988079071
  },
  "m_highFogDistance": 100.0,
  "m_highFogHeight": 50.0,
  "m_lightingArea": {
    "x": 90.0,
    "y": 90.0
  },
  "m_lowFogHeight": 0.0
}