{
  "m_anviLightColor": {
    "w": 0.9411764740943909,
    "x": 0.838331401348114,
    "y": 0.8564466238021851,
    "z": 0.8725489974021912
  },
  "m_brightThreshold": 0.5,
  "m_dirLightHeight": 30.0,
  "m_directionalLightColor": {
    "x": 0.6073625087738037,
    "y": 0.6830319762229919,
    "z": 0.6960784196853638
  },
  "m_directionalLightDir": {
    "x": 1.0,
    "y": -1.0,
    "z": 1.0
  },
  "m_fogColor": {
    "x": 0.19564591348171234,
    "y": 0.4320722818374634,
    "z": 0.5784313678741455
  },
  "m_fogDensity": 0.0005000000237487257,
  "m_fogEnable": true,
  "m_fogUseRange": true,
  "m_highFogColor": {
    "x": 0.7107843160629272,
    "y": 0.459919273853302,
    "z": 0.5041896104812622
  },
  "m_highFogDistance": 70.0,
  "m_highFogHeight": 70.0,
  "m_lightingArea": {
    "x": 25.0,
    "y": 25.0
  },
  "m_lowFogHeight": -200.0
}