{
  "m_anviLightColor": {
    "w": 1.0,
    "x": 0.0,
    "y": 0.0,
    "z": 0.0
  },
  "m_brightThreshold": 0.6000000238418579,
  "m_dirLightHeight": 30.0,
  "m_directionalLightColor": {
    "x": 0.37254899740219116,
    "y": 0.3451556861400604,
    "z": 0.3451556861400604
  },
  "m_directionalLightDir": {
    "x": 1.0,
    "y": -1.0,
    "z": 1.0
  },
  "m_fogColor": {
    "x": 0.5816993117332458,
    "y": 0.6266819834709167,
    "z": 0.6666666269302368
  },
  "m_fogDensity": 0.0005000000237487257,
  "m_fogEnable": true,
  "m_fogUseRange": true,
  "m_highFogColor": {
    "x": 0.5250384211540222,
    "y": 0.5466576218605042,
    "z": 0.563725471496582
  },
  "m_highFogDistance": 30.0,
  "m_highFogHeight": 70.0,
  "m_lightingArea": {
    "x": 25.0,
    "y": 25.0
  },
  "m_lowFogHeight": -100.0
}