{
  "m_brightThreshold": 0.949999988079071,
  "m_dirLightHeight": 5.0,
  "m_directionalLightColor": {
    "x": 1.0,
    "y": 1.0,
    "z": 1.0
  },
  "m_directionalLightDir": {
    "x": -0.6000000238418579,
    "y": -0.6000000238418579,
    "z": -0.5
  },
  "m_fogColor": {
    "x": 0.5,
    "y": 0.5,
    "z": 0.5
  },
  "m_fogDensity": 0.003000000026077032,
  "m_fogEnable": false,
  "m_fogUseRange": true,
  "m_highFogColor": {
    "x": 0.699999988079071,
    "y": 0.699999988079071,
    "z": 0.699999988079071
  },
  "m_highFogDistance": 50.0,
  "m_highFogHeight": 50.0,
  "m_lightingArea": {
    "x": 5.0,
    "y": 5.0
  },
  "m_lowFogHeight": 0.0
}