{
  "m_anviLightColor": {
    "w": 0.9411764740943909,
    "x": 1.0,
    "y": 1.0,
    "z": 1.0
  },
  "m_brightThreshold": 0.5,
  "m_dirLightHeight": 30.0,
  "m_directionalLightColor": {
    "x": 1.0,
    "y": 1.0,
    "z": 1.0
  },
  "m_directionalLightDir": {
    "x": -1.0,
    "y": -1.0,
    "z": -1.0
  },
  "m_fogColor": {
    "x": 0.05622837319970131,
    "y": 0.37573811411857605,
    "z": 0.5735294222831726
  },
  "m_fogDensity": 0.0010000000474974513,
  "m_fogEnable": true,
  "m_fogUseRange": true,
  "m_highFogColor": {
    "x": 0.7107843160629272,
    "y": 0.459919273853302,
    "z": 0.5041896104812622
  },
  "m_highFogDistance": 70.0,
  "m_highFogHeight": 70.0,
  "m_lightingArea": {
    "x": 25.0,
    "y": 25.0
  },
  "m_lowFogHeight": -200.0
}