{
  "m_anviLightColor": {
    "w": 1.0,
    "x": 0.06141870096325874,
    "y": 0.07929646223783493,
    "z": 0.08823531866073608
  },
  "m_brightThreshold": 0.6000000238418579,
  "m_dirLightHeight": 30.0,
  "m_directionalLightColor": {
    "x": 0.0,
    "y": 0.0,
    "z": 0.0
  },
  "m_directionalLightDir": {
    "x": 1.0,
    "y": -1.0,
    "z": 1.0
  },
  "m_fogColor": {
    "x": 0.4901960492134094,
    "y": 0.6199538707733154,
    "z": 0.7352941036224365
  },
  "m_fogDensity": 0.0005000000237487257,
  "m_fogEnable": true,
  "m_fogUseRange": true,
  "m_highFogColor": {
    "x": 0.6470588445663452,
    "y": 0.6470588445663452,
    "z": 0.6470588445663452
  },
  "m_highFogDistance": 30.0,
  "m_highFogHeight": 70.0,
  "m_lightingArea": {
    "x": 25.0,
    "y": 25.0
  },
  "m_lowFogHeight": -100.0
}